id,password,last_login,is_superuser,username,first_name,last_name,email,is_staff,is_active,date_joined
14,pbkdf2_sha256$1000000$zAPM7gbyzd6xYAnSFihAhe$xHjDB/ISpZVLzu5dUxC60ZNUoyN8ZMCE5Uu8Cvy88/I=,,False,synthetic_female_01,,,,False,True,2026-04-13 12:00:00+02
15,pbkdf2_sha256$1000000$vilIeTkn90lkzYSq7sPUcL$+sAfYhyw0EIB1ZtYiVs4aAMWVhsDlxx9N5bjMhZemaQ=,,False,synthetic_female_02,,,,False,True,2026-04-13 12:00:00+02
16,pbkdf2_sha256$1000000$iRO52vvfQ1NjQltF44qZ17$TbzyUfech0NSwuimtTcKKsobVLemt1UQuIqv6NbcQBY=,,False,synthetic_female_03,,,,False,True,2026-04-13 12:00:00+02
17,pbkdf2_sha256$1000000$zAPM7gbyzd6xYAnSFihAhe$xHjDB/ISpZVLzu5dUxC60ZNUoyN8ZMCE5Uu8Cvy88/I=,,False,synthetic_female_04,,,,False,True,2026-04-13 12:00:00+02
18,pbkdf2_sha256$1000000$zAPM7gbyzd6xYAnSFihAhe$xHjDB/ISpZVLzu5dUxC60ZNUoyN8ZMCE5Uu8Cvy88/I=,,False,synthetic_female_05,,,,False,True,2026-04-13 12:00:00+02
19,pbkdf2_sha256$1000000$Tl4qRkIOL1blZS1HxpoOzQ$JagUrhcNXuP9UoXDzPBio16gzwQ8r9PXZGM6ZOE4dUw=,,False,synthetic_female_06,,,,False,True,2026-04-13 12:00:00+02
20,pbkdf2_sha256$1000000$dgIESqsLD80yaciiLJtUZi$vITFT7hrihiXqsQg7z0CijWwk2t2xaBx+1IR1SOkQJg=,,False,synthetic_female_07,,,,False,True,2026-04-13 12:00:00+02
21,pbkdf2_sha256$1000000$iRO52vvfQ1NjQltF44qZ17$TbzyUfech0NSwuimtTcKKsobVLemt1UQuIqv6NbcQBY=,,False,synthetic_female_08,,,,False,True,2026-04-13 12:00:00+02
22,pbkdf2_sha256$1000000$vilIeTkn90lkzYSq7sPUcL$+sAfYhyw0EIB1ZtYiVs4aAMWVhsDlxx9N5bjMhZemaQ=,,False,synthetic_female_09,,,,False,True,2026-04-13 12:00:00+02
23,pbkdf2_sha256$1000000$EHvoIQAjm1772ab1292OIf$dDEZ97DEJ2tF+nfMgcA1KNkzGUzK7hqDrXnsjqowWhY=,,False,synthetic_female_10,,,,False,True,2026-04-13 12:00:00+02
24,pbkdf2_sha256$1000000$NgiTRO3pMsuPhfZKH8Y7er$cfHX+67DBSTgn/AJN1RpF9u5kcdFXoiCIBps7PvyL0s=,,False,synthetic_female_11,,,,False,True,2026-04-13 12:00:00+02
25,pbkdf2_sha256$1000000$e9GXJVWfiu7FWLfxgQQ7cS$iesFadyfjN2IXAHLIvY4Qz953PviA1AaakRi9U40qmM=,,False,synthetic_female_12,,,,False,True,2026-04-13 12:00:00+02
26,pbkdf2_sha256$1000000$EHvoIQAjm1772ab1292OIf$dDEZ97DEJ2tF+nfMgcA1KNkzGUzK7hqDrXnsjqowWhY=,,False,synthetic_female_13,,,,False,True,2026-04-13 12:00:00+02
27,pbkdf2_sha256$1000000$zAPM7gbyzd6xYAnSFihAhe$xHjDB/ISpZVLzu5dUxC60ZNUoyN8ZMCE5Uu8Cvy88/I=,,False,synthetic_female_14,,,,False,True,2026-04-13 12:00:00+02
28,pbkdf2_sha256$1000000$xDf77CcPgwJASMnTGYcgJF$hW1njojtyS7ewNxRQxaxTWjdkE4sXtNJHaxfm5uTDBQ=,,False,synthetic_female_15,,,,False,True,2026-04-13 12:00:00+02
29,pbkdf2_sha256$1000000$xDf77CcPgwJASMnTGYcgJF$hW1njojtyS7ewNxRQxaxTWjdkE4sXtNJHaxfm5uTDBQ=,,False,synthetic_female_16,,,,False,True,2026-04-13 12:00:00+02
30,pbkdf2_sha256$1000000$NgiTRO3pMsuPhfZKH8Y7er$cfHX+67DBSTgn/AJN1RpF9u5kcdFXoiCIBps7PvyL0s=,,False,synthetic_female_17,,,,False,True,2026-04-13 12:00:00+02
31,pbkdf2_sha256$1000000$Tl4qRkIOL1blZS1HxpoOzQ$JagUrhcNXuP9UoXDzPBio16gzwQ8r9PXZGM6ZOE4dUw=,,False,synthetic_female_18,,,,False,True,2026-04-13 12:00:00+02
32,pbkdf2_sha256$1000000$zAPM7gbyzd6xYAnSFihAhe$xHjDB/ISpZVLzu5dUxC60ZNUoyN8ZMCE5Uu8Cvy88/I=,,False,synthetic_female_19,,,,False,True,2026-04-13 12:00:00+02
33,pbkdf2_sha256$1000000$e9GXJVWfiu7FWLfxgQQ7cS$iesFadyfjN2IXAHLIvY4Qz953PviA1AaakRi9U40qmM=,,False,synthetic_female_20,,,,False,True,2026-04-13 12:00:00+02
